"","carr","gene","estr","orig","age","Age"
"1","Biol","F","alto","Bogo",17,"Media"
"2","Biol","M","medio","Bogo",17,"Media"
"3","Biol","F","bajo","Bogo",18,"Media"
"4","Biol","F","bajo","Bogo",18,"Media"
"5","Biol","M","medio","Bogo",17,"Media"
"6","Biol","F","medio","Bogo",17,"Media"
"7","Biol","F","medio","Bogo",17,"Media"
"8","Biol","M","medio","Bogo",17,"Media"
"9","Biol","F","medio","Bogo",19,"Alta"
"10","Biol","M","medio","Bogo",18,"Media"
"11","Biol","M","bajo","Bogo",17,"Media"
"12","Biol","M","medio","Bogo",17,"Media"
"13","Biol","M","medio","Bogo",16,"Baja"
"14","Biol","F","alto","Bogo",17,"Media"
"15","Biol","M","medio","Bogo",17,"Media"
"16","Biol","M","medio","Bogo",18,"Media"
"17","Biol","M","medio","Bogo",20,"Alta"
"18","Biol","F","medio","Bogo",20,"Alta"
"19","Biol","M","alto","Otro",17,"Media"
"20","Biol","M","medio","Bogo",35,"Alta"
"21","Biol","M","bajo","Bogo",20,"Alta"
"22","Biol","F","bajo","Bogo",19,"Alta"
"23","Biol","M","alto","Otro",17,"Media"
"24","Biol","M","bajo","Bogo",19,"Alta"
"25","Biol","F","medio","Otro",17,"Media"
"26","Biol","M","bajo","Cund",17,"Media"
"27","Biol","F","alto","Bogo",16,"Baja"
"28","Biol","F","medio","Cund",17,"Media"
"29","Biol","M","bajo","Bogo",20,"Alta"
"30","Biol","M","bajo","Otro",16,"Baja"
"31","Biol","F","alto","Cund",16,"Baja"
"32","Biol","M","bajo","Bogo",21,"Alta"
"33","Biol","F","bajo","Otro",20,"Alta"
"34","Biol","M","medio","Cund",16,"Baja"
"35","Biol","M","bajo","Cund",17,"Media"
"36","Biol","F","bajo","Otro",16,"Baja"
"37","Biol","M","bajo","Cund",17,"Media"
"38","Biol","F","medio","Otro",16,"Baja"
"39","Biol","M","alto","Cund",17,"Media"
"40","Biol","F","bajo","Otro",18,"Media"
"41","Biol","M","bajo","Otro",18,"Media"
"42","Biol","F","medio","Otro",16,"Baja"
"43","Biol","M","bajo","Otro",17,"Media"
"44","Biol","M","alto","Bogo",17,"Media"
"45","Biol","F","medio","Bogo",16,"Baja"
"46","Biol","M","alto","Bogo",19,"Alta"
"47","Biol","M","alto","Bogo",16,"Baja"
"48","Biol","M","medio","Bogo",19,"Alta"
"49","Biol","M","medio","Bogo",17,"Media"
"50","Biol","M","bajo","Bogo",18,"Media"
"51","Biol","M","alto","Bogo",17,"Media"
"52","Biol","M","alto","Bogo",18,"Media"
"53","Biol","F","medio","Bogo",18,"Media"
"54","Biol","M","bajo","Bogo",17,"Media"
"55","Biol","M","alto","Bogo",17,"Media"
"56","Biol","M","medio","Bogo",16,"Baja"
"57","Biol","F","alto","Bogo",17,"Media"
"58","Biol","M","bajo","Otro",16,"Baja"
"59","Biol","F","medio","Otro",17,"Media"
"60","Biol","M","medio","Otro",17,"Media"
"61","Biol","M","bajo","Otro",16,"Baja"
"62","Biol","F","bajo","Otro",15,"Baja"
"63","Biol","M","bajo","Otro",16,"Baja"
"64","Esta","M","medio","Bogo",17,"Media"
"65","Esta","M","alto","Bogo",16,"Baja"
"66","Esta","M","bajo","Bogo",17,"Media"
"67","Esta","F","alto","Bogo",16,"Baja"
"68","Esta","M","medio","Bogo",17,"Media"
"69","Esta","M","medio","Bogo",30,"Alta"
"70","Esta","M","bajo","Bogo",17,"Media"
"71","Esta","M","bajo","Bogo",17,"Media"
"72","Esta","M","medio","Bogo",17,"Media"
"73","Esta","M","medio","Bogo",17,"Media"
"74","Esta","F","bajo","Bogo",19,"Alta"
"75","Esta","M","bajo","Bogo",17,"Media"
"76","Esta","M","medio","Bogo",16,"Baja"
"77","Esta","F","medio","Bogo",17,"Media"
"78","Esta","F","medio","Bogo",16,"Baja"
"79","Esta","F","medio","Bogo",16,"Baja"
"80","Esta","M","bajo","Bogo",17,"Media"
"81","Esta","F","alto","Bogo",16,"Baja"
"82","Esta","M","bajo","Bogo",19,"Alta"
"83","Esta","M","medio","Bogo",17,"Media"
"84","Esta","M","bajo","Bogo",17,"Media"
"85","Esta","F","bajo","Bogo",16,"Baja"
"86","Esta","M","bajo","Bogo",16,"Baja"
"87","Esta","F","medio","Bogo",16,"Baja"
"88","Esta","M","medio","Bogo",39,"Alta"
"89","Esta","F","bajo","Bogo",20,"Alta"
"90","Esta","M","bajo","Bogo",21,"Alta"
"91","Esta","F","bajo","Cund",17,"Media"
"92","Esta","M","bajo","Bogo",19,"Alta"
"93","Esta","M","bajo","Bogo",20,"Alta"
"94","Esta","M","bajo","Bogo",16,"Baja"
"95","Esta","M","medio","Bogo",18,"Media"
"96","Esta","M","bajo","Bogo",25,"Alta"
"97","Esta","F","medio","Cund",16,"Baja"
"98","Esta","M","bajo","Bogo",31,"Alta"
"99","Esta","M","bajo","Otro",17,"Media"
"100","Esta","M","medio","Bogo",18,"Media"
"101","Esta","M","medio","Bogo",30,"Alta"
"102","Esta","F","bajo","Cund",17,"Media"
"103","Esta","M","bajo","Cund",22,"Alta"
"104","Esta","M","alto","Cund",17,"Media"
"105","Esta","M","medio","Otro",17,"Media"
"106","Esta","M","medio","Otro",16,"Baja"
"107","Esta","F","alto","Otro",17,"Media"
"108","Esta","M","bajo","Bogo",16,"Baja"
"109","Esta","M","medio","Bogo",16,"Baja"
"110","Esta","F","bajo","Bogo",16,"Baja"
"111","Esta","M","medio","Bogo",17,"Media"
"112","Esta","F","medio","Bogo",15,"Baja"
"113","Esta","M","medio","Bogo",16,"Baja"
"114","Esta","M","bajo","Bogo",17,"Media"
"115","Esta","M","medio","Bogo",16,"Baja"
"116","Esta","M","bajo","Bogo",19,"Alta"
"117","Esta","M","medio","Bogo",17,"Media"
"118","Esta","F","medio","Bogo",22,"Alta"
"119","Esta","M","medio","Bogo",17,"Media"
"120","Esta","M","alto","Bogo",18,"Media"
"121","Esta","M","bajo","Bogo",17,"Media"
"122","Esta","M","alto","Bogo",17,"Media"
"123","Esta","M","bajo","Otro",20,"Alta"
"124","Esta","M","bajo","Otro",18,"Media"
"125","Esta","F","medio","Otro",17,"Media"
"126","Esta","M","medio","Otro",17,"Media"
"127","Esta","M","bajo","Otro",18,"Media"
"128","Esta","M","medio","Otro",17,"Media"
"129","Esta","M","alto","Bogo",17,"Media"
"130","Farm","M","medio","Bogo",17,"Media"
"131","Farm","F","medio","Bogo",16,"Baja"
"132","Farm","F","medio","Bogo",17,"Media"
"133","Farm","F","medio","Bogo",16,"Baja"
"134","Farm","M","medio","Bogo",17,"Media"
"135","Farm","M","medio","Bogo",18,"Media"
"136","Farm","F","medio","Bogo",18,"Media"
"137","Farm","F","medio","Bogo",19,"Alta"
"138","Farm","M","bajo","Bogo",17,"Media"
"139","Farm","F","medio","Bogo",17,"Media"
"140","Farm","F","bajo","Bogo",17,"Media"
"141","Farm","F","medio","Bogo",16,"Baja"
"142","Farm","F","medio","Bogo",18,"Media"
"143","Farm","F","medio","Bogo",17,"Media"
"144","Farm","F","medio","Bogo",17,"Media"
"145","Farm","F","medio","Bogo",17,"Media"
"146","Farm","F","medio","Bogo",16,"Baja"
"147","Farm","M","medio","Bogo",16,"Baja"
"148","Farm","F","bajo","Bogo",23,"Alta"
"149","Farm","F","medio","Bogo",17,"Media"
"150","Farm","F","bajo","Bogo",16,"Baja"
"151","Farm","F","medio","Bogo",17,"Media"
"152","Farm","F","medio","Bogo",16,"Baja"
"153","Farm","F","medio","Bogo",18,"Media"
"154","Farm","M","bajo","Bogo",23,"Alta"
"155","Farm","M","medio","Otro",17,"Media"
"156","Farm","M","medio","Bogo",23,"Alta"
"157","Farm","F","bajo","Bogo",17,"Media"
"158","Farm","M","bajo","Bogo",20,"Alta"
"159","Farm","M","medio","Bogo",18,"Media"
"160","Farm","M","bajo","Bogo",19,"Alta"
"161","Farm","M","medio","Bogo",18,"Media"
"162","Farm","M","medio","Bogo",18,"Media"
"163","Farm","F","bajo","Otro",16,"Baja"
"164","Farm","M","medio","Bogo",18,"Media"
"165","Farm","F","bajo","Bogo",18,"Media"
"166","Farm","M","bajo","Bogo",26,"Alta"
"167","Farm","F","bajo","Bogo",18,"Media"
"168","Farm","M","bajo","Bogo",17,"Media"
"169","Farm","F","medio","Otro",16,"Baja"
"170","Farm","M","bajo","Bogo",18,"Media"
"171","Farm","M","bajo","Cund",20,"Alta"
"172","Farm","M","bajo","Cund",18,"Media"
"173","Farm","M","bajo","Cund",16,"Baja"
"174","Farm","F","bajo","Bogo",16,"Baja"
"175","Farm","M","alto","Bogo",20,"Alta"
"176","Farm","F","medio","Otro",16,"Baja"
"177","Farm","F","bajo","Otro",16,"Baja"
"178","Farm","M","medio","Cund",17,"Media"
"179","Farm","F","bajo","Otro",22,"Alta"
"180","Farm","F","bajo","Bogo",20,"Alta"
"181","Farm","M","medio","Bogo",17,"Media"
"182","Farm","M","medio","Bogo",19,"Alta"
"183","Farm","F","bajo","Otro",19,"Alta"
"184","Farm","M","medio","Bogo",17,"Media"
"185","Farm","F","medio","Bogo",18,"Media"
"186","Farm","F","alto","Bogo",17,"Media"
"187","Farm","M","bajo","Bogo",17,"Media"
"188","Farm","F","alto","Bogo",17,"Media"
"189","Farm","M","medio","Bogo",16,"Baja"
"190","Farm","F","medio","Bogo",17,"Media"
"191","Farm","M","bajo","Bogo",17,"Media"
"192","Farm","F","medio","Bogo",18,"Media"
"193","Farm","F","alto","Bogo",16,"Baja"
"194","Farm","M","alto","Bogo",16,"Baja"
"195","Farm","M","bajo","Bogo",18,"Media"
"196","Farm","M","alto","Bogo",16,"Baja"
"197","Farm","M","bajo","Otro",17,"Media"
"198","Farm","F","alto","Otro",17,"Media"
"199","Farm","F","bajo","Otro",16,"Baja"
"200","Farm","F","bajo","Otro",17,"Media"
"201","Farm","M","bajo","Otro",17,"Media"
"202","Farm","F","bajo","Otro",20,"Alta"
"203","Fisi","M","alto","Bogo",18,"Media"
"204","Fisi","M","alto","Bogo",16,"Baja"
"205","Fisi","F","medio","Bogo",16,"Baja"
"206","Fisi","M","medio","Bogo",16,"Baja"
"207","Fisi","M","medio","Bogo",17,"Media"
"208","Fisi","M","medio","Bogo",18,"Media"
"209","Fisi","M","medio","Bogo",17,"Media"
"210","Fisi","M","medio","Bogo",18,"Media"
"211","Fisi","M","bajo","Bogo",16,"Baja"
"212","Fisi","M","medio","Bogo",19,"Alta"
"213","Fisi","M","bajo","Bogo",18,"Media"
"214","Fisi","M","alto","Bogo",16,"Baja"
"215","Fisi","M","bajo","Bogo",17,"Media"
"216","Fisi","M","medio","Bogo",17,"Media"
"217","Fisi","M","bajo","Bogo",18,"Media"
"218","Fisi","M","alto","Bogo",16,"Baja"
"219","Fisi","M","alto","Bogo",17,"Media"
"220","Fisi","M","medio","Bogo",40,"Alta"
"221","Fisi","M","alto","Bogo",17,"Media"
"222","Fisi","M","alto","Bogo",17,"Media"
"223","Fisi","F","bajo","Bogo",21,"Alta"
"224","Fisi","M","bajo","Bogo",17,"Media"
"225","Fisi","M","alto","Otro",16,"Baja"
"226","Fisi","M","bajo","Bogo",21,"Alta"
"227","Fisi","M","alto","Bogo",17,"Media"
"228","Fisi","M","alto","Otro",16,"Baja"
"229","Fisi","M","medio","Bogo",23,"Alta"
"230","Fisi","M","bajo","Cund",17,"Media"
"231","Fisi","M","bajo","Bogo",15,"Baja"
"232","Fisi","F","bajo","Otro",18,"Media"
"233","Fisi","F","bajo","Otro",17,"Media"
"234","Fisi","F","alto","Bogo",21,"Alta"
"235","Fisi","F","bajo","Cund",18,"Media"
"236","Fisi","M","medio","Bogo",18,"Media"
"237","Fisi","M","bajo","Cund",17,"Media"
"238","Fisi","M","bajo","Otro",16,"Baja"
"239","Fisi","M","bajo","Otro",16,"Baja"
"240","Fisi","M","bajo","Otro",26,"Alta"
"241","Fisi","F","bajo","Cund",17,"Media"
"242","Fisi","M","medio","Cund",17,"Media"
"243","Fisi","M","bajo","Otro",15,"Baja"
"244","Fisi","M","medio","Otro",17,"Media"
"245","Fisi","M","medio","Bogo",17,"Media"
"246","Fisi","F","medio","Bogo",17,"Media"
"247","Fisi","M","medio","Bogo",17,"Media"
"248","Fisi","M","medio","Bogo",17,"Media"
"249","Fisi","M","medio","Bogo",17,"Media"
"250","Fisi","M","alto","Bogo",17,"Media"
"251","Fisi","F","alto","Bogo",17,"Media"
"252","Fisi","M","medio","Bogo",17,"Media"
"253","Fisi","M","bajo","Otro",19,"Alta"
"254","Fisi","M","medio","Bogo",16,"Baja"
"255","Fisi","M","medio","Bogo",17,"Media"
"256","Fisi","F","alto","Bogo",16,"Baja"
"257","Fisi","F","alto","Bogo",16,"Baja"
"258","Fisi","M","medio","Bogo",17,"Media"
"259","Fisi","M","alto","Bogo",16,"Baja"
"260","Fisi","M","medio","Bogo",18,"Media"
"261","Fisi","M","alto","Bogo",18,"Media"
"262","Fisi","M","alto","Bogo",18,"Media"
"263","Fisi","M","alto","Bogo",32,"Alta"
"264","Fisi","M","bajo","Otro",16,"Baja"
"265","Fisi","M","medio","Bogo",20,"Alta"
"266","Fisi","M","bajo","Bogo",16,"Baja"
"267","Fisi","M","medio","Bogo",19,"Alta"
"268","Fisi","M","medio","Bogo",27,"Alta"
"269","Fisi","F","medio","Bogo",17,"Media"
"270","Fisi","F","medio","Bogo",17,"Media"
"271","Fisi","M","medio","Bogo",18,"Media"
"272","Fisi","M","medio","Bogo",23,"Alta"
"273","Fisi","M","medio","Bogo",17,"Media"
"274","Fisi","M","medio","Bogo",22,"Alta"
"275","Fisi","M","bajo","Bogo",17,"Media"
"276","Fisi","M","bajo","Otro",17,"Media"
"277","Fisi","M","bajo","Otro",17,"Media"
"278","Fisi","M","medio","Otro",16,"Baja"
"279","Fisi","M","medio","Otro",17,"Media"
"280","Fisi","M","medio","Otro",17,"Media"
"281","Fisi","M","bajo","Otro",17,"Media"
"282","Fisi","M","bajo","Otro",16,"Baja"
"283","Fisi","M","bajo","Otro",16,"Baja"
"284","Fisi","M","medio","Bogo",39,"Alta"
"285","Geol","M","bajo","Bogo",17,"Media"
"286","Geol","F","alto","Bogo",17,"Media"
"287","Geol","M","medio","Bogo",17,"Media"
"288","Geol","M","alto","Bogo",16,"Baja"
"289","Geol","M","medio","Bogo",19,"Alta"
"290","Geol","M","medio","Bogo",17,"Media"
"291","Geol","M","bajo","Bogo",17,"Media"
"292","Geol","M","bajo","Bogo",17,"Media"
"293","Geol","M","medio","Bogo",16,"Baja"
"294","Geol","M","alto","Bogo",17,"Media"
"295","Geol","M","alto","Cund",17,"Media"
"296","Geol","M","alto","Cund",17,"Media"
"297","Geol","M","bajo","Cund",17,"Media"
"298","Geol","M","medio","Cund",16,"Baja"
"299","Geol","M","bajo","Otro",17,"Media"
"300","Geol","M","bajo","Otro",19,"Alta"
"301","Geol","M","bajo","Bogo",20,"Alta"
"302","Geol","M","bajo","Bogo",16,"Baja"
"303","Geol","F","bajo","Otro",17,"Media"
"304","Geol","M","bajo","Cund",25,"Alta"
"305","Geol","M","medio","Otro",17,"Media"
"306","Geol","M","alto","Otro",16,"Baja"
"307","Geol","F","medio","Bogo",16,"Baja"
"308","Geol","M","alto","Bogo",16,"Baja"
"309","Geol","M","bajo","Otro",15,"Baja"
"310","Geol","M","alto","Bogo",18,"Media"
"311","Geol","F","alto","Bogo",17,"Media"
"312","Geol","M","alto","Bogo",16,"Baja"
"313","Geol","F","medio","Bogo",17,"Media"
"314","Geol","F","alto","Bogo",18,"Media"
"315","Geol","M","alto","Bogo",17,"Media"
"316","Geol","F","alto","Bogo",16,"Baja"
"317","Geol","M","bajo","Otro",17,"Media"
"318","Geol","M","alto","Bogo",16,"Baja"
"319","Geol","F","bajo","Bogo",21,"Alta"
"320","Geol","M","medio","Bogo",17,"Media"
"321","Geol","M","alto","Bogo",17,"Media"
"322","Geol","M","bajo","Bogo",20,"Alta"
"323","Geol","M","alto","Bogo",17,"Media"
"324","Geol","M","alto","Bogo",17,"Media"
"325","Geol","M","alto","Bogo",17,"Media"
"326","Geol","M","bajo","Bogo",17,"Media"
"327","Geol","M","bajo","Bogo",17,"Media"
"328","Geol","M","bajo","Otro",17,"Media"
"329","Geol","M","bajo","Otro",19,"Alta"
"330","Mate","F","medio","Bogo",31,"Alta"
"331","Mate","M","bajo","Bogo",17,"Media"
"332","Mate","M","medio","Bogo",18,"Media"
"333","Mate","M","medio","Bogo",17,"Media"
"334","Mate","M","medio","Bogo",20,"Alta"
"335","Mate","M","medio","Bogo",16,"Baja"
"336","Mate","M","medio","Bogo",18,"Media"
"337","Mate","M","medio","Bogo",23,"Alta"
"338","Mate","F","medio","Bogo",17,"Media"
"339","Mate","M","medio","Bogo",17,"Media"
"340","Mate","M","medio","Bogo",17,"Media"
"341","Mate","M","medio","Bogo",18,"Media"
"342","Mate","M","bajo","Bogo",20,"Alta"
"343","Mate","M","medio","Cund",15,"Baja"
"344","Mate","M","bajo","Otro",16,"Baja"
"345","Mate","M","bajo","Cund",17,"Media"
"346","Mate","M","medio","Bogo",28,"Alta"
"347","Mate","M","bajo","Bogo",18,"Media"
"348","Mate","M","medio","Otro",17,"Media"
"349","Mate","M","medio","Bogo",21,"Alta"
"350","Mate","M","medio","Bogo",19,"Alta"
"351","Mate","M","bajo","Bogo",21,"Alta"
"352","Mate","M","bajo","Bogo",16,"Baja"
"353","Mate","M","bajo","Bogo",44,"Alta"
"354","Mate","M","bajo","Bogo",25,"Alta"
"355","Mate","F","bajo","Cund",19,"Alta"
"356","Mate","M","alto","Bogo",17,"Media"
"357","Mate","M","bajo","Bogo",17,"Media"
"358","Mate","M","medio","Bogo",18,"Media"
"359","Mate","M","alto","Bogo",17,"Media"
"360","Mate","M","bajo","Bogo",24,"Alta"
"361","Mate","M","medio","Otro",20,"Alta"
"362","Mate","M","medio","Bogo",20,"Alta"
"363","Mate","M","alto","Otro",16,"Baja"
"364","Mate","M","bajo","Cund",23,"Alta"
"365","Mate","M","bajo","Otro",16,"Baja"
"366","Mate","M","alto","Bogo",30,"Alta"
"367","Mate","M","bajo","Bogo",17,"Media"
"368","Mate","M","alto","Bogo",19,"Alta"
"369","Mate","M","medio","Bogo",17,"Media"
"370","Mate","M","bajo","Bogo",16,"Baja"
"371","Mate","M","alto","Bogo",29,"Alta"
"372","Mate","M","bajo","Otro",25,"Alta"
"373","Mate","M","medio","Bogo",17,"Media"
"374","Mate","F","medio","Bogo",16,"Baja"
"375","Mate","M","medio","Bogo",30,"Alta"
"376","Mate","F","medio","Bogo",19,"Alta"
"377","Mate","M","medio","Bogo",16,"Baja"
"378","Mate","M","bajo","Otro",19,"Alta"
"379","Mate","M","bajo","Otro",25,"Alta"
"380","Mate","F","alto","Otro",16,"Baja"
"381","Mate","M","bajo","Otro",16,"Baja"
"382","Mate","M","bajo","Otro",17,"Media"
"383","Quim","F","medio","Bogo",16,"Baja"
"384","Quim","F","bajo","Bogo",18,"Media"
"385","Quim","F","medio","Bogo",18,"Media"
"386","Quim","M","alto","Bogo",16,"Baja"
"387","Quim","M","medio","Bogo",21,"Alta"
"388","Quim","M","medio","Bogo",19,"Alta"
"389","Quim","M","bajo","Bogo",16,"Baja"
"390","Quim","M","bajo","Bogo",16,"Baja"
"391","Quim","F","medio","Bogo",16,"Baja"
"392","Quim","M","medio","Bogo",20,"Alta"
"393","Quim","F","bajo","Bogo",18,"Media"
"394","Quim","M","alto","Bogo",17,"Media"
"395","Quim","M","medio","Bogo",18,"Media"
"396","Quim","M","bajo","Bogo",19,"Alta"
"397","Quim","M","medio","Bogo",21,"Alta"
"398","Quim","F","bajo","Cund",16,"Baja"
"399","Quim","M","bajo","Bogo",20,"Alta"
"400","Quim","F","bajo","Bogo",18,"Media"
"401","Quim","M","medio","Bogo",16,"Baja"
"402","Quim","M","bajo","Bogo",17,"Media"
"403","Quim","M","medio","Bogo",23,"Alta"
"404","Quim","M","bajo","Otro",16,"Baja"
"405","Quim","M","bajo","Otro",18,"Media"
"406","Quim","M","bajo","Cund",19,"Alta"
"407","Quim","M","bajo","Bogo",19,"Alta"
"408","Quim","M","bajo","Otro",16,"Baja"
"409","Quim","F","bajo","Otro",16,"Baja"
"410","Quim","F","medio","Otro",17,"Media"
"411","Quim","M","alto","Bogo",18,"Media"
"412","Quim","M","medio","Cund",16,"Baja"
"413","Quim","M","medio","Cund",17,"Media"
"414","Quim","M","medio","Cund",17,"Media"
"415","Quim","M","medio","Cund",16,"Baja"
"416","Quim","M","bajo","Cund",27,"Alta"
"417","Quim","F","bajo","Otro",16,"Baja"
"418","Quim","M","bajo","Otro",16,"Baja"
"419","Quim","M","bajo","Cund",23,"Alta"
"420","Quim","F","alto","Otro",17,"Media"
"421","Quim","M","medio","Otro",15,"Baja"
"422","Quim","M","bajo","Otro",17,"Media"
"423","Quim","F","alto","Otro",17,"Media"
"424","Quim","F","medio","Bogo",16,"Baja"
"425","Quim","M","alto","Bogo",16,"Baja"
"426","Quim","M","medio","Otro",16,"Baja"
"427","Quim","F","medio","Bogo",16,"Baja"
"428","Quim","M","alto","Bogo",17,"Media"
"429","Quim","F","bajo","Bogo",17,"Media"
"430","Quim","F","medio","Bogo",16,"Baja"
"431","Quim","F","medio","Bogo",16,"Baja"
"432","Quim","M","alto","Bogo",17,"Media"
"433","Quim","F","bajo","Bogo",16,"Baja"
"434","Quim","M","bajo","Bogo",19,"Alta"
"435","Quim","M","bajo","Bogo",17,"Media"
"436","Quim","M","bajo","Bogo",17,"Media"
"437","Quim","M","medio","Bogo",21,"Alta"
"438","Quim","M","medio","Bogo",17,"Media"
"439","Quim","F","medio","Bogo",17,"Media"
"440","Quim","F","bajo","Bogo",17,"Media"
"441","Quim","M","bajo","Otro",19,"Alta"
"442","Quim","M","bajo","Otro",16,"Baja"
"443","Quim","M","bajo","Otro",16,"Baja"
"444","Quim","M","bajo","Otro",18,"Media"
"445","Quim","F","bajo","Otro",17,"Media"
