year,month,time_index,Geographic area,y_true,y_pred,abs_error,analysis
2020,5,29,South Africa,20.62,18.085639999999966,2.534360000000035,hiring
2019,7,19,Lithuania,15.88,29.99475999999997,14.11475999999997,hiring
2021,12,48,Ireland,7.43,6.106560000000009,1.3234399999999908,hiring
2023,11,71,Argentina,-0.82,-2.9583200000000027,2.138320000000003,hiring
2018,6,6,Poland,15.1,15.651759999999985,0.5517599999999856,hiring
2021,10,46,Switzerland,7.52,8.7418,1.2218,hiring
2019,3,15,Indonesia,33.21,28.685119999999916,4.524880000000085,hiring
2020,10,34,Spain,20.05,19.93659999999999,0.11340000000000927,hiring
2019,7,19,Belgium,18.09,17.800759999999993,0.2892400000000066,hiring
2018,11,11,Germany,15.38,15.263640000000015,0.11635999999998603,hiring
2019,9,21,Hong Kong,7.57,12.374760000000014,4.804760000000014,hiring
2020,3,27,United States,16.67,16.796800000000008,0.12680000000000646,hiring
2023,7,67,Portugal,2.63,4.393079999999991,1.7630799999999915,hiring
2023,5,65,Chile,-7.3,-6.955879999999989,0.34412000000001086,hiring
2018,4,4,Germany,14.41,16.464399999999976,2.0543999999999762,hiring
2024,4,76,Cyprus,22.11,23.77543999999998,1.665439999999979,hiring
2020,8,32,Cyprus,30.03,34.71327999999987,4.683279999999868,hiring
2023,10,70,Belgium,8.37,8.340399999999992,0.029600000000007398,hiring
2021,11,47,Netherlands,6.8,7.1369599999999895,0.3369599999999897,hiring
2020,2,26,Israel,17.66,14.931120000000007,2.728879999999993,hiring
2019,4,16,Mexico,17.66,16.501240000000042,1.1587599999999583,hiring
2020,6,30,Latvia,-2.55,7.496080000000013,10.046080000000014,hiring
2019,4,16,Estonia,82.56,72.26224000000022,10.297759999999784,hiring
2021,8,44,Austria,10.15,8.965479999999998,1.1845200000000027,hiring
2019,12,24,Chile,35.54,34.25652000000002,1.283479999999976,hiring
2024,8,80,Poland,4.9,8.793959999999995,3.8939599999999945,hiring
2020,10,34,Switzerland,8.15,8.345159999999986,0.19515999999998535,hiring
2022,6,54,South Africa,9.38,7.6482800000000015,1.7317199999999993,hiring
2021,6,42,Mexico,26.62,25.80071999999998,0.8192800000000204,hiring
2020,2,26,Norway,12.81,15.134360000000038,2.3243600000000377,hiring
2023,7,67,Mexico,-1.31,0.5591600000000009,1.8691600000000008,hiring
2019,3,15,Argentina,33.06,35.1467600000001,2.0867600000000976,hiring
2023,7,67,Belgium,9.75,9.178680000000014,0.5713199999999858,hiring
2021,6,42,South Korea,23.72,19.111240000000066,4.608759999999933,hiring
2024,1,73,Brazil,-3.66,-5.173359999999998,1.5133599999999978,hiring
2022,1,49,Estonia,58.92,46.77452000000003,12.14547999999997,hiring
2022,8,56,Hong Kong,16.46,15.263679999999948,1.1963200000000533,hiring
2021,11,47,Turkey,17.79,16.571999999999978,1.2180000000000213,hiring
2022,7,55,Portugal,11.03,9.183480000000005,1.8465199999999946,hiring
2018,9,9,South Korea,19.29,20.864759999999997,1.5747599999999977,hiring
2024,5,77,Uruguay,22.31,20.67288000000003,1.6371199999999675,hiring
2024,1,73,Austria,9.75,7.611480000000009,2.138519999999991,hiring
2023,11,71,Italy,2.35,4.532639999999999,2.182639999999999,hiring
2020,1,25,Hungary,11.03,13.360480000000019,2.330480000000019,hiring
2023,10,70,Costa Rica,3.66,5.6993600000000155,2.0393600000000154,hiring
2024,11,83,South Africa,21.27,20.400760000000016,0.8692399999999836,hiring
2018,12,12,United Arab Emirates,34.48,36.46347999999994,1.9834799999999433,hiring
2021,8,44,Sweden,15.12,14.793640000000067,0.3263599999999318,hiring
2018,11,11,Spain,25.95,26.537760000000073,0.587760000000074,hiring
2018,9,9,Argentina,27.29,26.96248000000003,0.32751999999996784,hiring
2020,7,31,New Zealand,16.08,16.662359999999964,0.5823599999999658,hiring
2019,8,20,Switzerland,22.27,20.900799999999983,1.369200000000017,hiring
2020,5,29,Norway,11.45,14.560040000000013,3.110040000000014,hiring
2018,12,12,United Kingdom,12.27,12.73931999999997,0.46931999999996954,hiring
2024,5,77,Netherlands,4.73,8.029560000000009,3.2995600000000085,hiring
2018,5,5,Croatia,47.54,55.43784000000001,7.897840000000009,hiring
2023,3,63,Ireland,2.41,0.37196000000000046,2.0380399999999996,hiring
2023,12,72,Netherlands,2.95,4.775999999999995,1.8259999999999952,hiring
2019,6,18,United Kingdom,13.84,12.08419999999994,1.7558000000000593,hiring
2022,7,55,Lithuania,7.37,10.05508,2.68508,hiring
2024,3,75,Brazil,0.57,3.591360000000002,3.0213600000000023,hiring
2021,11,47,Croatia,30.4,24.264400000000077,6.135599999999922,hiring
2024,5,77,Latvia,13.02,10.42644000000001,2.5935599999999894,hiring
2021,4,40,Hong Kong,17.64,17.35023999999999,0.2897600000000118,hiring
2021,5,41,Denmark,9.58,9.786280000000014,0.20628000000001379,hiring
2020,2,26,South Africa,14.14,16.78279999999997,2.642799999999969,hiring
2021,3,39,Germany,6.33,8.089079999999989,1.7590799999999884,hiring
2020,9,33,Argentina,40.05,43.27367999999995,3.223679999999952,hiring
2020,6,30,Czech Republic,19.04,19.189360000000022,0.1493600000000228,hiring
2018,12,12,Norway,37.24,35.44735999999993,1.7926400000000697,hiring
2022,9,57,Romania,-2.45,-0.03379999999999965,2.4162000000000003,hiring
2022,10,58,United States,7.75,6.044399999999992,1.7056000000000084,hiring
2021,2,38,Saudi Arabia,19.9,29.52667999999994,9.62667999999994,hiring
2018,5,5,Poland,14.6,15.787399999999986,1.187399999999986,hiring
2022,2,50,Switzerland,5.51,5.30400000000001,0.20599999999998975,hiring
2019,10,22,Spain,19.21,19.737519999999975,0.5275199999999742,hiring
2022,10,58,Latvia,-5.95,-6.768960000000006,0.8189600000000059,hiring
2019,7,19,Slovenia,11.88,11.263200000000007,0.6167999999999942,hiring
2022,7,55,Israel,1.74,4.489280000000001,2.7492800000000006,hiring
2019,5,17,Sweden,14.36,14.939800000000034,0.5798000000000343,hiring
2018,4,4,South Africa,34.8,27.05136000000007,7.748639999999927,hiring
2023,2,62,Cyprus,27.53,21.671839999999975,5.8581600000000265,hiring
2023,9,69,Switzerland,-2.93,-3.0175599999999965,0.08755999999999631,hiring
2023,5,65,India,-7.37,-6.161159999999982,1.2088400000000181,hiring
2024,11,83,Spain,16.8,18.861760000000015,2.061760000000014,hiring
2024,2,74,Belgium,5.27,5.593320000000009,0.3233200000000096,hiring
2019,10,22,Estonia,30.91,30.021919999999962,0.8880800000000377,hiring
2024,6,78,Germany,2.43,7.581039999999987,5.151039999999988,hiring
2024,1,73,Norway,7.71,7.286920000000002,0.4230799999999979,hiring
2024,12,84,Estonia,17.4,22.677680000000016,5.277680000000018,hiring
2023,4,64,Chile,-6.14,-5.933680000000004,0.2063199999999954,hiring
2018,12,12,Austria,18.14,18.570519999999995,0.43051999999999424,hiring
2018,12,12,Sweden,10.91,12.145680000000002,1.235680000000002,hiring
2018,3,3,Netherlands,11.44,12.287920000000002,0.847920000000002,hiring
2024,7,79,Italy,11.23,13.226000000000006,1.9960000000000058,hiring
2018,9,9,Norway,41.95,39.24243999999995,2.7075600000000506,hiring
2022,3,51,Uruguay,14.44,9.984240000000003,4.455759999999996,hiring
2020,11,35,United Kingdom,12.25,11.27867999999999,0.9713200000000093,hiring
2024,11,83,Denmark,18.75,19.858360000000026,1.108360000000026,hiring
2020,12,36,Norway,15.3,13.280440000000041,2.0195599999999594,hiring
2021,4,40,Mexico,24.37,25.884559999999937,1.5145599999999355,hiring
2024,5,77,United States,9.28,10.068840000000007,0.7888400000000075,hiring
2023,2,62,Austria,1.78,1.806839999999996,0.026839999999995978,hiring
2021,4,40,Poland,8.22,10.512680000000003,2.2926800000000025,hiring
2018,7,7,Norway,42.95,44.0168799999999,1.0668799999998981,hiring
2022,1,49,Mexico,17.98,18.084399999999988,0.10439999999998761,hiring
2018,8,8,Norway,40.13,40.61855999999993,0.4885599999999286,hiring
2023,6,66,Australia,-7.98,-6.501639999999997,1.478360000000003,hiring
2023,9,69,South Africa,-1.59,0.3702800000000002,1.9602800000000002,hiring
2020,9,33,Netherlands,10.19,10.360360000000032,0.17036000000003249,hiring
2021,8,44,Canada,10.91,10.407479999999984,0.5025200000000165,hiring
2023,8,68,Ireland,-5.13,-4.1295199999999905,1.0004800000000094,hiring
2024,1,73,Lithuania,7.53,6.959919999999995,0.5700800000000052,hiring
2021,3,39,Portugal,24.21,23.410080000000086,0.7999199999999149,hiring
2021,10,46,Hungary,21.31,21.227839999999986,0.08216000000001245,hiring
2022,4,52,Romania,13.07,13.730439999999945,0.6604399999999444,hiring
2020,9,33,United Kingdom,12.35,12.267319999999994,0.0826800000000052,hiring
2024,1,73,Croatia,3.19,5.602080000000005,2.4120800000000053,hiring
2020,6,30,Cyprus,21.19,39.69844000000009,18.50844000000009,hiring
2020,5,29,Austria,22.3,19.893080000000026,2.4069199999999746,hiring
2021,9,45,Ireland,6.82,7.630520000000001,0.8105200000000004,hiring
2018,10,10,Latvia,37.74,33.903159999999865,3.8368400000001373,hiring
2020,11,35,Saudi Arabia,33.56,29.08336000000007,4.476639999999932,hiring
2023,1,61,Estonia,-0.66,6.042520000000012,6.702520000000012,hiring
2019,3,15,Estonia,99.75,84.6792,15.070800000000006,hiring
2024,12,84,United Kingdom,13.78,18.492120000000025,4.712120000000025,hiring
2024,11,83,Australia,16.96,18.32564000000003,1.3656400000000275,hiring
2019,2,14,Turkey,46.39,43.29496000000002,3.095039999999983,hiring
2023,7,67,Indonesia,17.87,16.569239999999983,1.3007600000000181,hiring
2021,1,37,Mexico,28.74,26.306640000000026,2.433359999999972,hiring
2018,11,11,Saudi Arabia,102.6,111.99484000000017,9.394840000000173,hiring
2024,9,81,Hungary,13.33,17.14308,3.813080000000001,hiring
2020,7,31,Chile,33.45,29.605439999999994,3.8445600000000084,hiring
2019,3,15,Singapore,20.99,20.71875999999998,0.27124000000002013,hiring
2019,6,18,Czech Republic,25.77,25.626,0.14399999999999835,hiring
2023,12,72,Sweden,6.6,5.835960000000001,0.7640399999999987,hiring
2023,2,62,Luxembourg,8.35,9.15524000000001,0.8052400000000102,hiring
2019,7,19,Germany,13.95,14.421760000000015,0.4717600000000157,hiring
2021,12,48,Chile,27.46,25.41308000000001,2.0469199999999894,hiring
2022,6,54,Poland,11.27,9.564640000000006,1.7053599999999935,hiring
2019,10,22,Romania,40.55,35.24320000000003,5.306799999999967,hiring
2018,11,11,United Arab Emirates,35.6,38.007279999999916,2.407279999999915,hiring
2023,7,67,France,1.37,2.8567200000000037,1.4867200000000036,hiring
2020,1,25,Italy,16.36,17.99012000000005,1.6301200000000513,hiring
2024,5,77,Italy,7.46,10.164040000000007,2.704040000000007,hiring
2020,12,36,Spain,20.05,19.979839999999992,0.07016000000000844,hiring
2022,12,60,Netherlands,6.9,5.615920000000006,1.2840799999999941,hiring
2020,3,27,Poland,11.65,14.662799999999962,3.0127999999999613,hiring
2021,11,47,India,6.48,8.851799999999992,2.3717999999999915,hiring
2023,12,72,Finland,1.06,1.6838000000000035,0.6238000000000035,hiring
2023,1,61,Germany,4.94,3.9016799999999883,1.0383200000000121,hiring
2022,10,58,Czech Republic,9.9,8.05771999999998,1.8422800000000201,hiring
2022,6,54,Germany,9.46,8.275400000000003,1.1845999999999979,hiring
2022,10,58,Luxembourg,18.89,17.217759999999966,1.6722400000000341,hiring
2018,9,9,United Arab Emirates,42.22,42.941799999999915,0.7217999999999165,hiring
2023,2,62,Sweden,2.16,1.70776,0.4522400000000002,hiring
2022,10,58,Switzerland,1.28,1.096799999999999,0.18320000000000092,hiring
2021,11,47,Hong Kong,5.47,5.559959999999996,0.08995999999999604,hiring
2022,3,51,Netherlands,8.86,7.292879999999995,1.5671200000000045,hiring
2024,12,84,Switzerland,18.43,21.20236000000001,2.7723600000000097,hiring
2024,11,83,Costa Rica,21.42,23.983199999999975,2.5631999999999735,hiring
2018,4,4,Netherlands,10.67,12.268839999999996,1.5988399999999956,hiring
2018,10,10,Australia,17.77,19.23847999999997,1.4684799999999711,hiring
2023,4,64,Belgium,5.31,7.5250800000000275,2.215080000000028,hiring
2024,1,73,Finland,4.27,3.6185200000000064,0.6514799999999932,hiring
2023,3,63,Romania,1.08,0.8661599999999983,0.2138400000000018,hiring
2022,2,50,Cyprus,-1.82,6.937359999999998,8.757359999999998,hiring
2024,11,83,Portugal,17.98,19.972800000000028,1.9928000000000274,hiring
2020,7,31,India,27.44,29.5918800000001,2.151880000000098,hiring
2021,12,48,Romania,24.16,22.390640000000033,1.769359999999967,hiring
2024,12,84,Czech Republic,11.29,21.78823999999998,10.498239999999981,hiring
2021,9,45,Netherlands,6.07,6.469199999999979,0.3991999999999791,hiring
2023,10,70,Chile,-0.56,0.8531199999999994,1.4131199999999995,hiring
2019,1,13,Finland,5.45,6.770520000000002,1.320520000000002,hiring
2019,9,21,Poland,14.43,16.23867999999998,1.8086799999999812,hiring
2020,10,34,Slovenia,7.96,11.886799999999994,3.926799999999994,hiring
2020,11,35,Estonia,0.54,-3.6176399999999957,4.157639999999995,hiring
2024,8,80,Sweden,15.43,14.34324000000003,1.0867599999999698,hiring
2024,7,79,Netherlands,5.68,8.012680000000003,2.3326800000000034,hiring
2024,2,74,Switzerland,-3.03,0.05083999999999983,3.08084,hiring
2022,10,58,Saudi Arabia,1.02,2.6866400000000024,1.6666400000000023,hiring
2022,6,54,Saudi Arabia,17.34,15.968119999999974,1.3718800000000257,hiring
2023,11,71,United Kingdom,1.5,2.6243199999999938,1.1243199999999938,hiring
2019,8,20,Estonia,39.5,42.16364000000001,2.663640000000008,hiring
2024,9,81,Saudi Arabia,29.46,29.48884000000005,0.028840000000048605,hiring
2023,4,64,Uruguay,15.83,15.174040000000053,0.655959999999947,hiring
2018,1,1,France,7.09,9.273960000000015,2.183960000000015,hiring
2021,12,48,Cyprus,-3.42,2.545399999999997,5.965399999999997,hiring
2023,9,69,Ireland,-6.1,-6.525400000000002,0.42540000000000244,hiring
2024,8,80,Latvia,7.83,14.351840000000033,6.521840000000033,hiring
2022,5,53,Hong Kong,12.93,12.554200000000044,0.3757999999999555,hiring
2021,10,46,Denmark,16.91,15.423360000000045,1.486639999999955,hiring
2021,6,42,Czech Republic,9.91,10.223040000000019,0.31304000000001864,hiring
2019,5,17,Finland,3.42,7.771359999999991,4.351359999999991,hiring
2019,7,19,Brazil,25.12,28.925359999999863,3.8053599999998617,hiring
2022,4,52,Chile,21.3,17.410199999999993,3.889800000000008,hiring
2018,7,7,Romania,23.07,26.102920000000047,3.032920000000047,hiring
2019,12,24,Spain,16.35,18.698199999999993,2.3481999999999914,hiring
2019,1,13,Canada,22.17,23.962839999999975,1.7928399999999733,hiring
2022,2,50,United States,4.58,5.170600000000006,0.5906000000000056,hiring
2024,1,73,Australia,2.13,-1.5316400000000001,3.6616400000000002,hiring
2018,7,7,Costa Rica,60.15,66.39559999999999,6.245599999999989,hiring
2021,1,37,Australia,10.29,11.14948000000002,0.8594800000000209,hiring
2021,5,41,Chile,22.01,25.076279999999993,3.066279999999992,hiring
2021,10,46,Canada,10.47,10.774319999999989,0.30431999999998816,hiring
2024,10,82,Finland,23.52,18.15336,5.36664,hiring
2023,2,62,Croatia,2.45,5.35699999999999,2.9069999999999903,hiring
2023,6,66,Norway,3.49,4.865080000000007,1.3750800000000067,hiring
2018,10,10,Norway,39.42,37.22283999999994,2.1971600000000606,hiring
2020,1,25,Mexico,25.83,27.924760000000045,2.094760000000047,hiring
2018,5,5,Latvia,27.4,21.221039999999974,6.178960000000025,hiring
2023,10,70,Greece,9.82,5.00992000000001,4.81007999999999,hiring
2023,10,70,Finland,-2.02,-0.5223599999999982,1.4976400000000019,hiring
2020,6,30,Singapore,21.88,20.418360000000035,1.4616399999999636,hiring
2022,12,60,United Kingdom,8.32,7.59424000000001,0.7257599999999904,hiring
2019,6,18,Argentina,43.19,36.61924000000007,6.570759999999929,hiring
2018,9,9,Hong Kong,37.53,34.36199999999989,3.168000000000113,hiring
2018,9,9,Germany,14.91,15.595800000000027,0.685800000000027,hiring
2019,5,17,Austria,20.26,21.576560000000043,1.3165600000000417,hiring
2023,6,66,Estonia,5.4,4.307879999999994,1.0921200000000066,hiring
2023,1,61,Chile,-4.09,-4.269839999999986,0.17983999999998623,hiring
2020,1,25,Sweden,15.6,12.656799999999963,2.9432000000000365,hiring
2022,11,59,New Zealand,5.23,5.132320000000009,0.09767999999999155,hiring
2018,5,5,Spain,24.11,24.889320000000055,0.7793200000000553,hiring
2022,12,60,Indonesia,18.55,17.757000000000023,0.792999999999978,hiring
2024,7,79,South Africa,10.79,12.634960000000019,1.84496000000002,hiring
2020,2,26,Ireland,11.91,12.252720000000002,0.3427200000000017,hiring
2020,10,34,Argentina,38.07,45.65824000000002,7.58824000000002,hiring
2021,2,38,Austria,22.8,21.54684000000001,1.2531599999999905,hiring
2020,9,33,Portugal,25.53,26.642399999999895,1.1123999999998944,hiring
2018,7,7,Latvia,13.88,16.491720000000022,2.6117200000000214,hiring
2023,12,72,Mexico,5.06,4.492719999999995,0.5672800000000047,hiring
2022,1,49,Ireland,5.77,3.805399999999986,1.9646000000000137,hiring
2024,9,81,Greece,17.31,16.710800000000006,0.5991999999999926,hiring
2018,9,9,Singapore,15.94,17.63140000000001,1.6914000000000105,hiring
2019,7,19,Portugal,27.87,25.96307999999995,1.9069200000000492,hiring
2022,9,57,Turkey,1.3,2.1024800000000026,0.8024800000000025,hiring
2019,1,13,Uruguay,123.5,94.12431999999977,29.37568000000023,hiring
2023,3,63,Greece,5.98,4.770960000000004,1.2090399999999963,hiring
2020,3,27,Uruguay,15.14,13.218320000000025,1.9216799999999754,hiring
2024,10,82,Greece,15.23,17.4388,2.2088,hiring
2022,7,55,Denmark,14.27,15.774040000000042,1.5040400000000425,hiring
2018,6,6,Saudi Arabia,132.43,148.31712000000044,15.887120000000436,hiring
2022,9,57,South Africa,5.3,4.7275199999999975,0.5724800000000023,hiring
2018,7,7,Poland,14.97,15.852320000000004,0.8823200000000035,hiring
2020,2,26,Australia,18.09,18.078240000000005,0.01175999999999533,hiring
2019,7,19,India,36.12,36.37092000000002,0.250920000000022,hiring
2018,11,11,United States,18.61,18.640639999999955,0.03063999999995559,hiring
2020,7,31,Sweden,10.69,11.505040000000005,0.8150400000000051,hiring
2024,5,77,Saudi Arabia,30.46,29.741799999999984,0.7182000000000173,hiring
2018,5,5,Indonesia,46.04,47.92411999999986,1.8841199999998608,hiring
2022,5,53,Turkey,7.51,8.979239999999994,1.4692399999999939,hiring
2022,4,52,Argentina,4.51,5.872360000000006,1.362360000000006,hiring
2023,4,64,India,-8.61,-8.359880000000002,0.25011999999999723,hiring
2023,6,66,Mexico,-0.64,0.6616800000000014,1.3016800000000015,hiring
2024,9,81,South Africa,17.52,16.835840000000008,0.6841599999999914,hiring
2018,10,10,United Arab Emirates,39.38,40.752519999999905,1.372519999999902,hiring
2024,2,74,Argentina,0.28,1.4075200000000023,1.1275200000000023,hiring
2018,9,9,Latvia,10.09,18.658360000000027,8.568360000000027,hiring
2021,11,47,Belgium,7.56,9.558359999999984,1.9983599999999848,hiring
2020,2,26,India,29.04,30.00380000000007,0.9638000000000702,hiring
2024,10,82,Portugal,16.39,17.333719999999992,0.9437199999999919,hiring
2021,5,41,Poland,8.18,9.640320000000024,1.4603200000000243,hiring
2021,7,43,Cyprus,-1.75,5.456959999999991,7.206959999999991,hiring
2022,4,52,India,-4.27,-3.1482000000000143,1.1217999999999853,hiring
2024,2,74,Australia,1.76,1.0879200000000002,0.6720799999999998,hiring
2019,10,22,South Korea,22.84,20.000840000000007,2.8391599999999926,hiring
2022,5,53,Argentina,4.62,5.138720000000005,0.5187200000000045,hiring
2023,9,69,Luxembourg,5.07,5.877720000000003,0.8077200000000024,hiring
2022,5,53,Austria,0.94,2.974679999999994,2.034679999999994,hiring
2020,11,35,Chile,21.45,23.811480000000024,2.361480000000025,hiring
2020,3,27,Argentina,36.83,41.49764000000011,4.667640000000112,hiring
2023,4,64,Italy,7.28,6.596999999999993,0.6830000000000069,hiring
2019,5,17,Israel,16.48,16.06852000000002,0.41147999999997964,hiring
2021,11,47,Austria,2.08,4.648320000000006,2.568320000000006,hiring
2018,9,9,Cyprus,59.9,62.656280000000216,2.756280000000217,hiring
2023,12,72,Uruguay,19.69,12.735320000000002,6.95468,hiring
2024,5,77,India,26.56,23.778320000000075,2.7816799999999233,hiring
2024,12,84,Poland,13.05,17.296319999999973,4.246319999999972,hiring
2018,4,4,Estonia,54.9,40.79259999999992,14.107400000000077,hiring
2019,2,14,Finland,3.99,6.233840000000002,2.2438400000000014,hiring
2021,6,42,Canada,9.92,10.461680000000017,0.5416800000000173,hiring
2024,11,83,Cyprus,15.35,19.648160000000026,4.298160000000026,hiring
2024,8,80,India,34.07,32.618200000000044,1.451799999999956,hiring
2022,1,49,Croatia,24.25,13.84199999999998,10.40800000000002,hiring
2021,10,46,United Arab Emirates,9.27,9.789160000000004,0.5191600000000047,hiring
2018,6,6,Cyprus,53.24,67.30044000000007,14.060440000000064,hiring
2023,5,65,Poland,0.1,-1.3194000000000041,1.4194000000000042,hiring
2022,12,60,Uruguay,13.19,16.87116000000003,3.681160000000032,hiring
2019,2,14,Denmark,26.8,25.906519999999933,0.8934800000000678,hiring
2020,2,26,Netherlands,12.96,12.70855999999999,0.2514400000000112,hiring
2023,12,72,Romania,1.65,-1.7081200000000045,3.3581200000000044,hiring
2024,4,76,Czech Republic,15.17,12.431919999999979,2.7380800000000214,hiring
2023,11,71,Lithuania,10.59,6.359999999999992,4.2300000000000075,hiring
2021,2,38,Canada,23.35,22.924480000000006,0.42551999999999524,hiring
2020,7,31,Brazil,33.28,32.76264000000007,0.5173599999999325,hiring
2024,1,73,Czech Republic,11.5,8.103080000000018,3.396919999999982,hiring
2020,5,29,Sweden,13.24,11.751119999999991,1.4888800000000089,hiring
2023,1,61,Mexico,4.19,3.6098400000000073,0.5801599999999931,hiring
2023,7,67,Hungary,12.29,12.550400000000021,0.26040000000002195,hiring
2021,11,47,Cyprus,-1.74,-0.5666799999999994,1.1733200000000006,hiring
2018,1,1,Latvia,17.25,4.347800000000012,12.902199999999988,hiring
2020,10,34,South Korea,15.35,18.98987999999998,3.639879999999982,hiring
2024,7,79,Brazil,15.02,14.86404,0.15596000000000032,hiring
2018,5,5,Belgium,1.82,4.938079999999997,3.1180799999999964,hiring
2024,7,79,United Arab Emirates,17.13,15.946000000000002,1.1839999999999975,hiring
2023,1,61,Italy,6.73,5.889919999999996,0.8400800000000048,hiring
2023,11,71,Hong Kong,13.58,9.854999999999993,3.7250000000000068,hiring
2018,9,9,Croatia,49.82,57.32472000000025,7.504720000000248,hiring
2022,7,55,Costa Rica,6.18,10.261919999999984,4.081919999999984,hiring
2018,11,11,Croatia,49.74,52.99480000000013,3.254800000000131,hiring
2022,8,56,United Arab Emirates,-2.39,0.9027200000000001,3.29272,hiring
2024,4,76,Canada,8.42,6.789039999999994,1.6309600000000062,hiring
2023,4,64,Czech Republic,3.7,4.657880000000002,0.9578800000000021,hiring
2023,7,67,Canada,-1.75,-0.8226799999999971,0.9273200000000029,hiring
2018,4,4,New Zealand,13.4,11.813359999999996,1.5866400000000045,hiring
2021,4,40,Belgium,9.13,11.207959999999984,2.077959999999983,hiring
2022,5,53,South Korea,6.15,8.757039999999995,2.6070399999999943,hiring
2023,2,62,Israel,0.45,1.0136400000000014,0.5636400000000015,hiring
2022,3,51,Australia,15.21,15.020360000000029,0.18963999999997228,hiring
2018,10,10,Slovenia,12.99,18.444959999999973,5.454959999999973,hiring
2021,4,40,Portugal,17.94,19.642360000000036,1.7023600000000343,hiring
2020,8,32,Saudi Arabia,27.64,28.231600000000057,0.5916000000000565,hiring
2018,12,12,Belgium,11.64,12.261040000000001,0.6210400000000007,hiring
2018,6,6,Spain,25.05,24.757240000000056,0.2927599999999444,hiring
2020,10,34,Greece,20.33,21.386560000000028,1.0565600000000295,hiring
2022,8,56,Slovenia,5.91,7.621440000000017,1.7114400000000165,hiring
2019,7,19,South Korea,20.96,24.775079999999953,3.815079999999952,hiring
2021,12,48,Slovenia,33.13,29.296560000000028,3.8334399999999746,hiring
2020,6,30,Mexico,29.63,29.725399999999976,0.09539999999997661,hiring
2024,3,75,Croatia,4.59,6.178400000000004,1.5884000000000045,hiring
2023,3,63,Cyprus,13.61,23.353399999999976,9.743399999999976,hiring
2023,10,70,Indonesia,16.43,17.608400000000028,1.1784000000000283,hiring
2024,6,78,Greece,15.51,12.716520000000022,2.7934799999999775,hiring
2024,6,78,Denmark,16.92,14.399240000000042,2.52075999999996,hiring
2021,12,48,Greece,3.06,7.131199999999997,4.0711999999999975,hiring
2022,6,54,Mexico,11.56,11.739639999999975,0.17963999999997426,hiring
2022,4,52,Canada,10.13,9.592439999999987,0.5375600000000134,hiring
2018,3,3,Israel,15.22,13.506559999999993,1.7134400000000074,hiring
2023,4,64,New Zealand,-3.88,-2.451480000000001,1.428519999999999,hiring
2022,1,49,New Zealand,13.74,11.893199999999982,1.8468000000000178,hiring
2020,4,28,Luxembourg,21.0,17.51480000000002,3.485199999999981,hiring
2018,3,3,Austria,29.0,29.106159999999996,0.10615999999999559,hiring
2020,7,31,Italy,22.83,23.766199999999944,0.9361999999999462,hiring
2018,10,10,Estonia,78.82,79.22848000000009,0.40848000000009677,hiring
2018,2,2,Hungary,34.84,34.57164000000001,0.26835999999999416,hiring
2024,2,74,Mexico,9.28,7.074120000000007,2.2058799999999925,hiring
2019,8,20,Ireland,11.18,14.838159999999963,3.658159999999963,hiring
2019,9,21,Austria,19.81,21.477719999999994,1.6677199999999957,hiring
2019,1,13,Argentina,33.71,32.92412000000012,0.785879999999878,hiring
2021,12,48,Lithuania,2.52,6.498560000000005,3.9785600000000048,hiring
2023,11,71,Belgium,7.48,7.162800000000006,0.3171999999999944,hiring
2018,3,3,Poland,17.17,17.03287999999998,0.13712000000002078,hiring
2020,12,36,Saudi Arabia,34.55,28.386720000000047,6.163279999999951,hiring
2020,5,29,Germany,17.11,17.47207999999999,0.36207999999999174,hiring
2018,11,11,Lithuania,46.91,49.833,2.923000000000002,hiring
2021,2,38,Uruguay,50.85,51.81835999999978,0.9683599999997767,hiring
2020,7,31,Romania,18.61,12.643520000000006,5.966479999999994,hiring
2020,10,34,Norway,11.11,12.639560000000035,1.5295600000000356,hiring
2023,6,66,Saudi Arabia,-1.75,0.13748000000000038,1.8874800000000005,hiring
2021,11,47,Hungary,18.51,19.07784000000005,0.5678400000000501,hiring
2021,5,41,Switzerland,11.03,10.193560000000007,0.8364399999999925,hiring
2020,7,31,Spain,21.08,19.85867999999997,1.221320000000027,hiring
2023,7,67,Saudi Arabia,3.98,5.583400000000006,1.6034000000000064,hiring
2023,4,64,Estonia,7.31,4.413800000000007,2.8961999999999923,hiring
2024,1,73,Singapore,10.06,9.258639999999998,0.8013600000000025,hiring
2018,7,7,United Arab Emirates,43.73,47.91751999999999,4.187519999999992,hiring
2023,11,71,Austria,6.19,6.542919999999989,0.3529199999999886,hiring
2018,7,7,Austria,9.11,16.40627999999997,7.296279999999971,hiring
2019,7,19,Canada,22.37,24.03792000000001,1.6679200000000094,hiring
2019,3,15,Norway,25.39,31.37643999999997,5.98643999999997,hiring
2020,12,36,Romania,4.78,5.79600000000002,1.0160000000000196,hiring
2019,8,20,Mexico,15.81,17.450999999999958,1.6409999999999574,hiring
2024,3,75,Germany,-1.21,1.7990000000000044,3.0090000000000043,hiring
2023,11,71,Canada,-0.34,-1.319760000000003,0.9797600000000029,hiring
2018,2,2,Greece,37.06,21.399240000000006,15.660759999999996,hiring
2024,6,78,Portugal,14.11,12.850200000000017,1.2597999999999825,hiring
2024,2,74,Luxembourg,6.43,5.777560000000003,0.6524399999999968,hiring
2021,3,39,Indonesia,29.17,25.304080000000017,3.865919999999985,hiring
2023,8,68,Greece,3.68,5.133400000000015,1.453400000000015,hiring
2022,12,60,Austria,3.3,3.9969200000000056,0.6969200000000058,hiring
2024,4,76,Denmark,17.38,13.632599999999961,3.747400000000038,hiring
2022,5,53,Denmark,17.01,17.919680000000035,0.9096800000000336,hiring
2022,10,58,Brazil,-3.37,-2.981079999999992,0.38892000000000815,hiring
2019,4,16,Brazil,33.99,34.64679999999997,0.6567999999999685,hiring
2019,5,17,Greece,18.15,21.20247999999995,3.052479999999953,hiring
2020,5,29,Latvia,0.35,7.209720000000015,6.859720000000015,hiring
2018,10,10,Italy,20.94,21.939800000000062,0.9998000000000609,hiring
2022,9,57,Spain,3.7,5.665799999999989,1.9657999999999891,hiring
2019,10,22,Switzerland,15.6,15.932840000000025,0.3328400000000258,hiring
2020,10,34,Italy,22.85,23.833039999999947,0.9830399999999457,hiring
2021,4,40,Estonia,30.86,18.392999999999972,12.467000000000027,hiring
2018,1,1,Greece,48.88,21.15000000000001,27.729999999999993,hiring
2023,10,70,Argentina,-1.2,-4.254279999999993,3.0542799999999932,hiring
2023,3,63,Hong Kong,9.06,9.604120000000007,0.5441200000000066,hiring
2021,10,46,Argentina,22.72,18.098599999999987,4.621400000000012,hiring
2018,7,7,Switzerland,14.51,14.81112,0.30112000000000094,hiring
2019,4,16,Austria,16.93,17.218919999999997,0.2889199999999974,hiring
2020,4,28,Poland,12.67,15.087839999999964,2.4178399999999645,hiring
2023,12,72,Italy,5.65,5.790960000000001,0.14096000000000064,hiring
2023,7,67,Brazil,-10.17,-10.241519999999985,0.07151999999998537,hiring
2019,12,24,New Zealand,21.94,18.466480000000065,3.4735199999999367,hiring
2021,9,45,Poland,12.85,11.152119999999986,1.6978800000000138,hiring
2022,8,56,Australia,9.43,8.290280000000022,1.1397199999999774,hiring
2018,4,4,United Arab Emirates,47.91,45.087999999999994,2.8220000000000027,hiring
2024,12,84,Croatia,7.62,15.393320000000045,7.773320000000045,hiring
2022,10,58,Belgium,2.52,4.894440000000003,2.374440000000003,hiring
2019,3,15,Belgium,15.61,16.958879999999944,1.3488799999999443,hiring
2020,1,25,France,7.14,7.555200000000012,0.415200000000012,hiring
2021,5,41,Lithuania,6.1,11.491880000000002,5.391880000000002,hiring
2023,2,62,South Africa,4.89,2.104800000000001,2.785199999999999,hiring
2023,4,64,Argentina,-6.9,-6.319560000000019,0.5804399999999816,hiring
2020,9,33,Norway,9.83,11.770880000000025,1.9408800000000248,hiring
2021,11,47,Luxembourg,6.92,13.804759999999964,6.8847599999999645,hiring
2022,8,56,Sweden,1.16,3.4969199999999963,2.3369199999999966,hiring
2023,3,63,Portugal,5.03,6.070080000000007,1.0400800000000068,hiring
2023,1,61,Australia,-2.72,-2.1675999999999975,0.5524000000000027,hiring
2023,8,68,Sweden,5.24,4.0911599999999995,1.1488400000000007,hiring
2018,1,1,Luxembourg,-10.41,-9.21812,1.1918799999999994,hiring
2022,10,58,Finland,6.28,4.802240000000005,1.4777599999999955,hiring
2023,7,67,Norway,3.7,4.812760000000003,1.1127600000000024,hiring
2021,5,41,Spain,9.28,13.406040000000006,4.126040000000007,hiring
2022,6,54,Cyprus,10.56,11.721240000000014,1.1612400000000136,hiring
2024,5,77,Luxembourg,7.97,8.578839999999992,0.6088399999999927,hiring
2023,2,62,India,-10.31,-9.764559999999994,0.5454400000000064,hiring
2022,2,50,Singapore,-2.78,-1.965440000000001,0.8145599999999988,hiring
2024,5,77,Germany,1.09,7.247799999999991,6.157799999999991,hiring
2018,4,4,Denmark,11.77,14.308399999999958,2.5383999999999585,hiring
2018,6,6,New Zealand,12.58,12.123079999999993,0.4569200000000073,hiring
2024,12,84,Austria,16.24,21.54348,5.30348,hiring
2021,8,44,Turkey,20.55,19.85959999999996,0.6904000000000394,hiring
2022,2,50,Netherlands,9.49,7.092880000000005,2.397119999999995,hiring
2018,8,8,Chile,15.96,18.988919999999954,3.028919999999953,hiring
2018,1,1,Portugal,-7.44,4.1366399999999945,11.576639999999994,hiring
2022,12,60,New Zealand,3.41,3.285399999999999,0.12460000000000093,hiring
2021,10,46,France,-0.42,-1.2144400000000006,0.7944400000000007,hiring
2022,4,52,Greece,-4.41,-3.7106400000000157,0.6993599999999844,hiring
2020,4,28,Belgium,15.98,16.060879999999987,0.0808799999999863,hiring
2020,7,31,Lithuania,16.52,13.254360000000009,3.2656399999999906,hiring
2020,6,30,Slovenia,14.03,14.054599999999958,0.024599999999958655,hiring
2018,11,11,Costa Rica,66.74,60.78972000000011,5.950279999999886,hiring
2019,11,23,Brazil,26.46,27.97240000000003,1.512400000000028,hiring
2023,4,64,United Kingdom,6.59,6.374039999999997,0.2159600000000026,hiring
2021,12,48,Belgium,5.27,8.187039999999996,2.9170399999999965,hiring
2022,10,58,Lithuania,9.92,6.879839999999994,3.0401600000000055,hiring
2019,10,22,New Zealand,15.61,17.209280000000014,1.5992800000000145,hiring
2019,3,15,Sweden,18.71,15.691280000000017,3.018719999999984,hiring
2022,2,50,United Kingdom,10.0,9.885400000000034,0.11459999999996562,hiring
2019,6,18,Costa Rica,35.33,54.62795999999981,19.29795999999981,hiring
2019,9,21,Netherlands,14.03,14.912720000000022,0.8827200000000222,hiring
2021,5,41,Indonesia,14.98,17.246680000000016,2.266680000000015,hiring
2024,8,80,Brazil,18.89,18.08683999999999,0.803160000000009,hiring
2020,3,27,Luxembourg,22.91,18.288720000000023,4.621279999999977,hiring
2022,12,60,Hong Kong,11.65,13.591279999999978,1.9412799999999777,hiring
2019,1,13,Lithuania,56.76,38.814800000000176,17.945199999999822,hiring
2022,6,54,Portugal,9.64,8.877160000000007,0.7628399999999935,hiring
2020,5,29,Denmark,24.34,23.691720000000004,0.6482799999999962,hiring
2019,11,23,Indonesia,21.34,22.736560000000082,1.3965600000000826,hiring
2022,9,57,Belgium,1.25,3.3910000000000036,2.1410000000000036,hiring
2018,1,1,United Kingdom,14.06,14.991279999999966,0.9312799999999655,hiring
2018,9,9,United States,18.2,18.71519999999998,0.5151999999999823,hiring
2018,2,2,South Africa,30.17,28.21676000000005,1.9532399999999512,hiring
2021,1,37,Uruguay,54.17,39.12315999999989,15.04684000000011,hiring
2018,4,4,United States,16.09,17.04824000000005,0.9582400000000497,hiring
2021,9,45,Estonia,50.41,47.84392000000003,2.566079999999964,hiring
2020,11,35,Singapore,23.22,22.39259999999999,0.8274000000000079,hiring
2022,10,58,Croatia,11.11,7.2985200000000034,3.811479999999996,hiring
2020,7,31,Saudi Arabia,30.21,29.398039999999984,0.8119600000000169,hiring
2024,7,79,Switzerland,6.8,9.095479999999995,2.295479999999995,hiring
2024,3,75,Israel,6.57,6.098679999999988,0.47132000000001195,hiring
2024,11,83,Finland,27.44,21.165760000000002,6.274239999999999,hiring
2023,1,61,Luxembourg,10.36,9.713880000000012,0.6461199999999874,hiring
2018,12,12,Costa Rica,63.2,61.094360000000016,2.105639999999987,hiring
2022,11,59,Argentina,-3.78,-2.987520000000009,0.792479999999991,hiring
2024,5,77,Argentina,13.94,11.878919999999987,2.061080000000013,hiring
2018,1,1,Slovenia,-1.13,7.90584,9.03584,hiring
2020,9,33,Brazil,31.27,31.51332,0.24332000000000065,hiring
2024,6,78,Mexico,19.44,15.950320000000016,3.4896799999999857,hiring
2021,2,38,United States,16.16,15.35208000000001,0.8079199999999904,hiring
2022,3,51,France,-0.65,0.6975199999999997,1.3475199999999998,hiring
2022,4,52,Norway,12.73,17.80792000000008,5.077920000000081,hiring
2022,1,49,Luxembourg,16.96,19.122040000000013,2.1620400000000117,hiring
2023,6,66,Finland,4.22,0.8367199999999997,3.38328,hiring
2018,9,9,Denmark,19.33,20.77896000000001,1.4489600000000102,hiring
2022,8,56,Cyprus,14.62,17.515279999999986,2.895279999999987,hiring
2019,10,22,Mexico,17.8,22.73900000000002,4.939000000000018,hiring
2018,7,7,Mexico,32.55,28.332000000000058,4.21799999999994,hiring
2020,5,29,Israel,13.57,16.117720000000027,2.5477200000000266,hiring
2019,9,21,United Kingdom,13.65,12.925639999999992,0.7243600000000079,hiring
2023,10,70,Slovenia,10.72,8.93551999999999,1.784480000000011,hiring
2018,5,5,Italy,19.95,16.776039999999977,3.1739600000000223,hiring
2024,7,79,Uruguay,28.03,20.747360000000015,7.2826399999999865,hiring
2019,5,17,Uruguay,98.54,89.24084000000016,9.299159999999844,hiring
2022,4,52,Ireland,2.0,2.455679999999995,0.4556799999999952,hiring
2021,5,41,Australia,6.09,9.296400000000023,3.2064000000000235,hiring
2023,3,63,Belgium,5.57,6.721880000000016,1.1518800000000153,hiring
2022,9,57,Cyprus,14.25,19.25251999999999,5.00251999999999,hiring
2022,6,54,Belgium,-0.17,3.1849199999999938,3.3549199999999937,hiring
2020,5,29,Portugal,22.05,22.147639999999985,0.09763999999998418,hiring
2018,8,8,Netherlands,13.5,14.053280000000022,0.5532800000000222,hiring
2019,1,13,Switzerland,21.05,19.866280000000028,1.1837199999999726,hiring
2021,8,44,Luxembourg,15.4,12.896079999999973,2.5039200000000275,hiring
2022,6,54,United States,9.67,8.240239999999986,1.4297600000000141,hiring
2024,10,82,Canada,21.97,19.524320000000017,2.4456799999999816,hiring
2018,10,10,Canada,24.4,23.929999999999964,0.4700000000000344,hiring
2023,11,71,Israel,-0.17,-2.0287999999999955,1.8587999999999956,hiring
2024,11,83,Slovenia,34.06,22.886600000000037,11.173399999999965,hiring
2024,5,77,Greece,16.05,10.601160000000013,5.448839999999988,hiring
2021,9,45,Argentina,26.07,27.70968000000004,1.639680000000041,hiring
2020,8,32,Mexico,30.15,29.69655999999996,0.4534400000000396,hiring
2023,1,61,Hungary,18.6,16.916119999999992,1.6838800000000091,hiring
2019,1,13,South Korea,25.19,25.516479999999962,0.326479999999961,hiring
2018,1,1,Hungary,27.04,34.14860000000001,7.10860000000001,hiring
2018,2,2,Spain,30.45,27.561120000000045,2.888879999999954,hiring
2022,1,49,India,2.0,1.097720000000003,0.9022799999999971,hiring
2022,4,52,Brazil,14.43,13.005719999999954,1.4242800000000457,hiring
2020,7,31,Argentina,37.29,43.58879999999997,6.2987999999999715,hiring
2024,10,82,Uruguay,24.78,19.743759999999934,5.036240000000067,hiring
2020,12,36,Austria,21.11,20.03832000000002,1.0716799999999793,hiring
2024,10,82,Israel,16.7,15.704359999999998,0.9956400000000016,hiring
2020,4,28,United States,17.58,18.23083999999998,0.650839999999981,hiring
2020,4,28,India,31.62,28.461440000000128,3.1585599999998735,hiring
2023,4,64,United Arab Emirates,4.6,5.5099999999999945,0.9099999999999948,hiring
2021,6,42,Turkey,24.99,21.20091999999996,3.7890800000000375,hiring
2020,5,29,Poland,13.84,15.415239999999956,1.5752399999999565,hiring
2022,11,59,Canada,7.25,6.4352799999999855,0.8147200000000145,hiring
2020,2,26,Denmark,27.19,25.476599999999923,1.7134000000000782,hiring
2023,12,72,Lithuania,10.22,6.713159999999993,3.5068400000000075,hiring
2019,12,24,Canada,20.94,21.15516000000001,0.215160000000008,hiring
2021,11,47,Israel,11.62,10.691559999999997,0.9284400000000019,hiring
2024,11,83,Romania,28.45,24.493399999999976,3.956600000000023,hiring
2020,1,25,Austria,18.35,18.804039999999993,0.454039999999992,hiring
2018,3,3,Sweden,-0.52,6.210600000000007,6.730600000000006,hiring
2020,8,32,Czech Republic,20.67,19.29339999999999,1.3766000000000105,hiring
2018,7,7,Argentina,23.23,28.238280000000035,5.008280000000035,hiring
2019,8,20,Canada,22.42,22.69436000000001,0.2743600000000086,hiring
2021,2,38,Belgium,13.86,12.927159999999997,0.9328400000000023,hiring
2023,8,68,Costa Rica,-7.0,-2.0751199999999987,4.924880000000002,hiring
2019,12,24,United Arab Emirates,20.89,21.038840000000008,0.14884000000000697,hiring
2023,5,65,United States,-1.28,-0.5219599999999983,0.7580400000000017,hiring
2020,10,34,Germany,13.39,12.462840000000007,0.9271599999999935,hiring
2020,1,25,South Korea,14.69,16.360640000000004,1.6706400000000041,hiring
2024,9,81,Croatia,7.0,9.35144000000003,2.3514400000000304,hiring
2019,11,23,India,33.55,33.311159999999916,0.23884000000008143,hiring
2023,11,71,United Arab Emirates,8.5,8.845999999999991,0.3459999999999912,hiring
2023,1,61,Cyprus,19.1,21.227959999999985,2.127959999999984,hiring
2020,3,27,Austria,14.7,18.372079999999993,3.672079999999994,hiring
2020,7,31,Canada,24.84,23.945400000000056,0.8945999999999437,hiring
2023,1,61,United Kingdom,7.32,6.691760000000013,0.6282399999999875,hiring
2019,12,24,Turkey,31.48,31.800600000000067,0.3206000000000664,hiring
2020,6,30,Argentina,43.66,45.86432000000011,2.2043200000001164,hiring
2023,2,62,Italy,6.68,6.11944,0.5605599999999997,hiring
2021,12,48,Latvia,20.29,23.60152000000008,3.3115200000000797,hiring
2023,10,70,Norway,4.28,5.806400000000009,1.5264000000000086,hiring
2020,4,28,Norway,13.75,15.445920000000013,1.6959200000000134,hiring
2023,9,69,Saudi Arabia,12.23,10.193080000000037,2.036919999999963,hiring
2023,8,68,Estonia,2.76,1.3082399999999996,1.4517600000000002,hiring
2024,12,84,Portugal,19.67,23.13111999999999,3.461119999999987,hiring
2021,4,40,Switzerland,11.67,10.183919999999974,1.486080000000026,hiring
2021,5,41,Turkey,23.01,26.921519999999965,3.911519999999964,hiring
2019,4,16,Norway,24.07,28.161560000000016,4.091560000000015,hiring
2024,2,74,Cyprus,23.19,27.91460000000002,4.72460000000002,hiring
2022,7,55,Austria,2.02,2.957959999999991,0.937959999999991,hiring
2024,5,77,Estonia,3.13,5.575680000000012,2.445680000000012,hiring
2019,10,22,Germany,13.95,15.374559999999997,1.4245599999999978,hiring
2020,3,27,Hungary,15.17,14.43004000000002,0.7399599999999804,hiring
2022,12,60,Spain,4.45,4.882639999999999,0.43263999999999925,hiring
2021,6,42,Hungary,8.74,15.701600000000045,6.961600000000045,hiring
2024,7,79,Israel,12.24,12.893360000000015,0.6533600000000153,hiring
2024,12,84,Lithuania,12.2,19.44804000000002,7.248040000000021,hiring
2019,9,21,Cyprus,120.9,121.8127199999999,0.9127199999998936,hiring
2024,9,81,Argentina,23.27,20.231079999999974,3.038920000000026,hiring
2018,6,6,Belgium,5.01,5.999600000000006,0.9896000000000065,hiring
2021,8,44,Belgium,8.14,9.636,1.4959999999999987,hiring
2024,2,74,Italy,6.14,5.1516000000000135,0.9883999999999862,hiring
2018,5,5,Lithuania,59.37,51.83764000000005,7.532359999999947,hiring
2020,1,25,Lithuania,14.71,16.915399999999984,2.205399999999983,hiring
2023,9,69,Poland,-4.09,-3.8625199999999906,0.22748000000000923,hiring
2021,7,43,Spain,11.75,12.023719999999994,0.27371999999999375,hiring
2024,11,83,Singapore,25.86,21.52072000000003,4.33927999999997,hiring
2018,9,9,Mexico,27.41,27.648759999999935,0.23875999999993525,hiring
2023,11,71,Slovenia,5.64,7.726040000000003,2.0860400000000032,hiring
2022,2,50,Romania,19.97,17.81267999999992,2.1573200000000803,hiring
2020,5,29,France,12.33,10.249039999999999,2.080960000000001,hiring
2023,11,71,Greece,13.62,5.210639999999999,8.40936,hiring
2018,9,9,Slovenia,16.77,20.30731999999995,3.5373199999999514,hiring
2024,4,76,Sweden,9.57,7.899040000000005,1.6709599999999956,hiring
2020,7,31,United States,19.09,16.853839999999987,2.2361600000000124,hiring
2022,5,53,Mexico,13.34,15.307959999999941,1.967959999999941,hiring
2019,10,22,Hungary,15.76,14.097520000000037,1.662479999999963,hiring
2021,3,39,Israel,9.2,9.368720000000007,0.16872000000000753,hiring
2022,1,49,Portugal,7.09,9.557359999999981,2.4673599999999816,hiring
2018,3,3,India,25.41,28.020599999999913,2.6105999999999128,hiring
2024,5,77,Lithuania,9.1,10.09284000000001,0.9928400000000099,hiring
2024,4,76,Brazil,4.03,5.417360000000001,1.387360000000001,hiring
2024,8,80,Denmark,18.29,16.08976000000005,2.2002399999999476,hiring
2023,1,61,Turkey,-4.13,-3.6533599999999957,0.47664000000000417,hiring
2022,7,55,Greece,-5.01,-3.9884799999999854,1.0215200000000144,hiring
2020,12,36,France,11.4,10.802199999999992,0.5978000000000083,hiring
2022,2,50,Croatia,17.01,11.276839999999993,5.733160000000009,hiring
2021,2,38,France,11.95,11.131719999999977,0.8182800000000228,hiring
2023,3,63,Switzerland,-0.28,-0.0013200000000001219,0.27867999999999993,hiring
2023,9,69,Australia,-4.72,-4.494680000000004,0.22531999999999552,hiring
2023,8,68,Czech Republic,5.43,1.5431199999999967,3.886880000000003,hiring
2018,5,5,India,30.14,28.872279999999975,1.2677200000000255,hiring
2023,2,62,Romania,-0.21,-1.319080000000002,1.109080000000002,hiring
2019,7,19,Australia,23.41,23.559879999999975,0.1498799999999747,hiring
2022,3,51,Israel,5.21,6.106120000000008,0.8961200000000078,hiring
2023,10,70,Sweden,4.5,4.370999999999997,0.1290000000000031,hiring
2023,12,72,Austria,7.5,7.238039999999995,0.26196000000000463,hiring
2021,8,44,Finland,13.95,12.218000000000014,1.731999999999985,hiring
2018,6,6,South Africa,29.9,27.523840000000078,2.3761599999999206,hiring
2022,2,50,Czech Republic,5.97,6.215479999999992,0.2454799999999926,hiring
2020,6,30,United States,19.72,18.84763999999996,0.8723600000000395,hiring
2018,7,7,United States,18.31,18.054560000000016,0.25543999999998235,hiring
2021,4,40,Spain,15.01,16.72368000000001,1.713680000000009,hiring
2021,3,39,Sweden,14.48,11.159280000000019,3.320719999999982,hiring
2022,3,51,New Zealand,15.34,14.241279999999964,1.0987200000000357,hiring
2022,7,55,Cyprus,11.17,12.801360000000008,1.631360000000008,hiring
2023,3,63,Luxembourg,9.14,7.068359999999985,2.0716400000000155,hiring
2021,7,43,New Zealand,10.17,9.342599999999994,0.8274000000000061,hiring
2023,7,67,Sweden,5.14,3.869840000000003,1.2701599999999966,hiring
2024,9,81,Belgium,11.37,13.27759999999998,1.9075999999999809,hiring
2022,7,55,Finland,6.9,7.2443199999999965,0.3443199999999962,hiring
2021,10,46,Spain,14.36,12.911480000000022,1.4485199999999772,hiring
2024,1,73,Saudi Arabia,17.54,15.612000000000002,1.9279999999999973,hiring
2019,7,19,Latvia,66.07,65.26263999999989,0.8073600000001022,hiring
2022,5,53,Sweden,7.72,9.09635999999998,1.3763599999999796,hiring
2024,12,84,Greece,14.52,23.19771999999999,8.67771999999999,hiring
2024,5,77,Mexico,16.61,12.791399999999994,3.8186000000000053,hiring
2024,3,75,Uruguay,16.04,18.562920000000034,2.5229200000000347,hiring
2024,3,75,Latvia,9.8,6.780679999999988,3.019320000000013,hiring
2022,8,56,Indonesia,12.17,13.426319999999969,1.2563199999999686,hiring
2021,1,37,Turkey,34.93,35.11688000000014,0.18688000000013716,hiring
2024,6,78,Lithuania,14.35,11.639440000000011,2.7105599999999885,hiring
2023,11,71,Luxembourg,7.14,6.6419600000000045,0.49803999999999515,hiring
2023,7,67,Estonia,3.46,3.904999999999989,0.4449999999999892,hiring
2021,12,48,Italy,6.97,8.762199999999998,1.7921999999999985,hiring
2024,11,83,Hong Kong,21.95,22.53304000000006,0.5830400000000608,hiring
2021,11,47,Italy,8.95,10.775079999999987,1.8250799999999874,hiring
2019,10,22,Latvia,42.7,45.9704,3.270399999999995,hiring
2022,3,51,Chile,21.86,20.251239999999992,1.6087600000000073,hiring
2024,9,81,Switzerland,10.88,13.670679999999976,2.790679999999975,hiring
2024,12,84,Cyprus,6.86,22.94579999999999,16.085799999999992,hiring
2018,6,6,Norway,46.08,44.6718799999999,1.4081200000000962,hiring
2018,3,3,Finland,9.56,14.337039999999984,4.7770399999999835,hiring
2022,8,56,South Africa,4.73,6.000279999999998,1.2702799999999979,hiring
2021,9,45,New Zealand,10.7,10.821719999999996,0.12171999999999628,hiring
2024,11,83,Greece,11.27,20.07252000000003,8.80252000000003,hiring
2019,10,22,Croatia,23.67,26.64691999999992,2.976919999999918,hiring
2023,2,62,Switzerland,0.9,0.7953599999999996,0.1046400000000004,hiring
2019,2,14,Singapore,17.73,18.945839999999976,1.2158399999999752,hiring
2019,8,20,India,36.08,35.933519999999895,0.14648000000010342,hiring
2022,7,55,United Kingdom,12.74,11.759719999999996,0.980280000000004,hiring
2021,7,43,United Kingdom,4.62,5.380839999999986,0.7608399999999857,hiring
2021,8,44,United States,4.05,4.456160000000019,0.4061600000000194,hiring
2019,7,19,Turkey,34.01,37.07388000000005,3.0638800000000543,hiring
2024,5,77,Hungary,3.64,6.670160000000011,3.0301600000000106,hiring
2020,1,25,Denmark,28.39,27.224479999999918,1.1655200000000825,hiring
2022,10,58,France,4.44,5.143199999999995,0.7031999999999945,hiring
2020,1,25,Estonia,27.96,12.590919999999995,15.369080000000006,hiring
2023,5,65,Portugal,5.32,5.2235199999999935,0.09648000000000678,hiring
2023,12,72,Hong Kong,17.17,12.148839999999996,5.021160000000005,hiring
2023,6,66,Ireland,-3.32,-1.841599999999992,1.478400000000008,hiring
2018,9,9,Portugal,14.5,16.894600000000047,2.3946000000000467,hiring
2024,12,84,Hong Kong,20.83,23.860880000000016,3.0308800000000176,hiring
2018,11,11,Brazil,42.68,42.66643999999985,0.013560000000147454,hiring
2022,9,57,Singapore,3.4,4.25087999999999,0.8508799999999899,hiring
2023,4,64,Norway,6.26,5.552599999999996,0.7074000000000034,hiring
2021,12,48,Estonia,51.05,42.26243999999986,8.787560000000134,hiring
2023,8,68,Mexico,-0.04,0.4361199999999991,0.4761199999999991,hiring
2021,11,47,South Korea,8.74,12.969400000000014,4.229400000000014,hiring
2020,10,34,Croatia,39.84,40.05376000000005,0.21376000000004325,hiring
2020,8,32,South Korea,18.95,17.254399999999983,1.6956000000000166,hiring
2019,7,19,United Arab Emirates,21.04,16.963799999999967,4.076200000000032,hiring
2024,11,83,Mexico,23.61,24.249720000000078,0.6397200000000787,hiring
2024,8,80,Finland,17.65,15.04588000000001,2.6041199999999893,hiring
2018,11,11,Austria,16.41,18.800759999999983,2.3907599999999825,hiring
2024,2,74,United Arab Emirates,12.61,9.272999999999994,3.337000000000005,hiring
2021,5,41,South Africa,-0.18,4.18872000000001,4.3687200000000095,hiring
2018,11,11,Sweden,12.9,12.010320000000005,0.8896799999999949,hiring
2024,10,82,Latvia,13.8,17.633239999999994,3.833239999999993,hiring
2022,8,56,India,-9.42,-8.30012000000001,1.1198799999999896,hiring
2018,2,2,Mexico,34.95,45.61320000000006,10.66320000000006,hiring
2021,7,43,Mexico,25.79,25.658800000000035,0.13119999999996423,hiring
2024,8,80,Hong Kong,22.57,19.05040000000002,3.519599999999979,hiring
2020,9,33,Germany,13.57,13.654799999999996,0.08479999999999599,hiring
2022,1,49,Lithuania,-1.25,6.041240000000015,7.291240000000015,hiring
2024,6,78,Italy,9.29,11.786360000000009,2.49636000000001,hiring
2018,6,6,Austria,9.0,16.10312,7.1031200000000005,hiring
2021,6,42,Romania,15.53,15.18308000000002,0.34691999999997947,hiring
2024,10,82,Singapore,23.92,20.33004000000001,3.5899599999999907,hiring
2024,8,80,Belgium,9.61,13.453640000000025,3.8436400000000255,hiring
2022,2,50,Greece,-6.21,-0.35376000000000035,5.85624,hiring
2018,11,11,Canada,24.34,23.383840000000042,0.9561599999999579,hiring
2023,2,62,Indonesia,17.96,19.36060000000004,1.4006000000000398,hiring
2024,7,79,Poland,2.88,8.188519999999995,5.308519999999995,hiring
2024,2,74,Portugal,7.07,5.122319999999999,1.947680000000001,hiring
2020,11,35,Indonesia,27.86,27.949760000000094,0.08976000000009421,hiring
2022,12,60,Canada,6.07,4.256280000000007,1.813719999999993,hiring
2020,1,25,Israel,18.18,14.727559999999995,3.4524400000000046,hiring
2023,11,71,Germany,-2.85,-2.4394799999999996,0.41052000000000044,hiring
2021,8,44,Indonesia,8.41,7.490800000000025,0.9191999999999751,hiring
2021,1,37,Estonia,-5.09,2.221319999999995,7.311319999999995,hiring
2019,8,20,United Kingdom,13.6,13.023159999999958,0.5768400000000415,hiring
2018,6,6,United Kingdom,12.02,13.111640000000017,1.0916400000000177,hiring
2024,10,82,New Zealand,11.8,13.884400000000026,2.0844000000000253,hiring
2020,3,27,Latvia,1.01,7.136920000000027,6.126920000000027,hiring
2024,1,73,Belgium,6.44,7.075840000000005,0.6358400000000044,hiring
2023,2,62,France,3.81,4.17232,0.36232,hiring
2022,1,49,Canada,9.0,8.787120000000002,0.2128799999999984,hiring
2022,10,58,Chile,3.52,1.3017200000000002,2.21828,hiring
2018,11,11,Turkey,48.97,51.38655999999981,2.416559999999812,hiring
2021,2,38,United Kingdom,11.29,10.994840000000003,0.29515999999999565,hiring
2019,3,15,Slovenia,16.59,15.683519999999985,0.9064800000000144,hiring
2018,5,5,Finland,15.54,11.169199999999977,4.370800000000022,hiring
2022,1,49,Czech Republic,6.43,7.107399999999994,0.6773999999999942,hiring
2021,1,37,Finland,14.51,15.793279999999987,1.283279999999987,hiring
2023,2,62,Argentina,-4.17,-5.352040000000001,1.1820400000000006,hiring
2023,5,65,United Kingdom,5.97,5.080760000000002,0.8892399999999974,hiring
2023,12,72,Turkey,0.65,-1.2767199999999992,1.926719999999999,hiring
2023,6,66,Slovenia,7.77,7.109199999999997,0.6608000000000027,hiring
2018,3,3,Belgium,2.78,2.297119999999999,0.48288000000000064,hiring
2022,8,56,Poland,8.75,7.51388,1.2361199999999997,hiring
2023,8,68,Switzerland,-2.24,-1.3090000000000006,0.9309999999999996,hiring
2019,1,13,France,8.08,8.676920000000017,0.5969200000000168,hiring
2023,9,69,Netherlands,4.0,4.577280000000003,0.5772800000000027,hiring
2024,9,81,Latvia,9.62,16.35528,6.735280000000001,hiring
2018,11,11,Estonia,74.77,70.97675999999993,3.7932400000000683,hiring
2023,12,72,Ireland,-8.82,-7.209240000000017,1.610759999999983,hiring
2023,12,72,Hungary,4.01,3.774320000000003,0.23567999999999678,hiring
2019,10,22,Saudi Arabia,32.05,34.7692,2.7192000000000007,hiring
2022,6,54,Austria,2.23,3.020599999999994,0.7905999999999942,hiring
2023,5,65,Israel,-0.55,-0.5535199999999996,0.0035199999999995235,hiring
2022,8,56,France,4.87,6.1736399999999945,1.3036399999999944,hiring
2018,12,12,Uruguay,74.84,82.26176000000018,7.421760000000177,hiring
2018,5,5,Australia,17.67,17.188800000000008,0.4811999999999941,hiring
2020,4,28,Ireland,18.35,15.54343999999997,2.8065600000000313,hiring
2024,11,83,Poland,10.53,11.899920000000012,1.369920000000013,hiring
2019,11,23,Romania,36.23,30.760559999999916,5.4694400000000805,hiring
2019,11,23,Czech Republic,21.32,22.043600000000012,0.7236000000000118,hiring
2020,3,27,Turkey,31.86,32.836000000000084,0.9760000000000844,hiring
2019,11,23,Greece,30.96,28.07851999999998,2.881480000000021,hiring
2024,8,80,South Korea,13.43,13.85484000000003,0.42484000000002986,hiring
2019,5,17,Canada,24.8,24.164440000000027,0.6355599999999733,hiring
2021,9,45,Switzerland,9.97,9.775239999999991,0.19476000000000937,hiring
2020,6,30,Turkey,34.4,37.6105999999999,3.2105999999999,hiring
2019,12,24,Israel,16.82,13.183159999999996,3.6368400000000047,hiring
2021,10,46,Mexico,23.8,23.588760000000022,0.21123999999997878,hiring
2019,3,15,Israel,14.95,15.319799999999983,0.3697999999999837,hiring
2021,4,40,Sweden,12.42,11.017760000000008,1.402239999999992,hiring
2020,11,35,Ireland,21.21,19.695280000000018,1.5147199999999827,hiring
2018,11,11,Poland,17.47,17.47491999999998,0.004919999999980718,hiring
2020,12,36,Turkey,34.2,33.90968000000004,0.2903199999999657,hiring
2018,3,3,France,6.25,7.960319999999988,1.7103199999999879,hiring
2020,6,30,Sweden,12.32,12.437799999999992,0.11779999999999191,hiring
2020,8,32,Belgium,14.74,14.026080000000011,0.7139199999999892,hiring
2021,5,41,Croatia,19.17,25.666279999999986,6.4962799999999845,hiring
2019,11,23,Belgium,20.19,17.205839999999995,2.9841600000000064,hiring
2019,1,13,Portugal,21.07,23.155559999999948,2.0855599999999477,hiring
2020,10,34,Costa Rica,15.66,18.513839999999927,2.853839999999927,hiring
2024,2,74,Greece,8.77,6.277080000000005,2.4929199999999945,hiring
2021,8,44,Spain,14.06,12.379760000000013,1.680239999999987,hiring
2022,6,54,Hungary,16.36,14.0928,2.267199999999999,hiring
2018,12,12,Indonesia,36.73,36.445520000000045,0.2844799999999523,hiring
2018,1,1,United Arab Emirates,36.54,33.748120000000064,2.791879999999935,hiring
2019,10,22,Finland,16.92,16.99672000000007,0.07672000000006918,hiring
2018,4,4,Canada,19.0,19.862199999999966,0.8621999999999659,hiring
2023,3,63,Slovenia,8.58,5.739440000000007,2.840559999999993,hiring
2022,9,57,Estonia,15.72,14.773119999999956,0.9468800000000446,hiring
2018,3,3,Chile,-2.29,-2.268439999999994,0.02156000000000624,hiring
2020,10,34,Hong Kong,29.9,29.215920000000093,0.6840799999999057,hiring
2024,5,77,Switzerland,3.21,5.91968,2.7096799999999996,hiring
2018,6,6,Finland,12.87,7.862199999999978,5.007800000000021,hiring
2023,2,62,United States,2.92,2.902519999999999,0.017480000000000828,hiring
2024,9,81,Canada,20.62,18.114360000000023,2.5056399999999783,hiring
2018,4,4,Hong Kong,39.06,41.0002000000001,1.9402000000000967,hiring
2020,6,30,Israel,13.08,15.519880000000022,2.439880000000022,hiring
2021,10,46,Chile,25.9,27.267960000000024,1.367960000000025,hiring
2022,6,54,Chile,8.87,12.424839999999998,3.5548399999999987,hiring
2022,3,51,Latvia,-2.58,-2.1067599999999995,0.47324000000000055,hiring
2019,3,15,Costa Rica,60.34,60.96979999999976,0.6297999999997543,hiring
2019,11,23,Canada,20.94,21.012159999999984,0.07215999999998246,hiring
2024,1,73,Romania,2.13,1.419159999999997,0.7108400000000028,hiring
2022,3,51,Austria,2.16,1.1243599999999967,1.0356400000000034,hiring
2023,5,65,Latvia,9.29,12.258760000000036,2.968760000000037,hiring
2024,5,77,Indonesia,22.71,19.971159999999987,2.738840000000014,hiring
2023,5,65,Croatia,5.58,7.381159999999987,1.801159999999987,hiring
2018,7,7,Spain,27.28,25.297400000000064,1.9825999999999375,hiring
2021,6,42,Ireland,6.85,8.085600000000003,1.2356000000000034,hiring
